{
  "breakdown": {
    "att_embed.0.bias": 256,
    "att_embed.0.weight": 524288,
    "model.decoder.layers.0.feed_forward.w_1.bias": 1024,
    "model.decoder.layers.0.feed_forward.w_1.weight": 262144,
    "model.decoder.layers.0.feed_forward.w_2.bias": 256,
    "model.decoder.layers.0.feed_forward.w_2.weight": 262144,
    "model.decoder.layers.0.self_attn.linears.0.bias": 256,
    "model.decoder.layers.0.self_attn.linears.0.weight": 65536,
    "model.decoder.layers.0.self_attn.linears.1.bias": 256,
    "model.decoder.layers.0.self_attn.linears.1.weight": 65536,
    "model.decoder.layers.0.self_attn.linears.2.bias": 256,
    "model.decoder.layers.0.self_attn.linears.2.weight": 65536,
    "model.decoder.layers.0.src_attn.linears.0.bias": 256,
    "model.decoder.layers.0.src_attn.linears.0.weight": 65536,
    "model.decoder.layers.0.src_attn.linears.1.bias": 256,
    "model.decoder.layers.0.src_attn.linears.1.weight": 65536,
    "model.decoder.layers.0.src_attn.linears.2.bias": 256,
    "model.decoder.layers.0.src_attn.linears.2.weight": 65536,
    "model.decoder.layers.0.sublayer.0.norm.a_2": 256,
    "model.decoder.layers.0.sublayer.0.norm.b_2": 256,
    "model.decoder.layers.0.sublayer.1.norm.a_2": 256,
    "model.decoder.layers.0.sublayer.1.norm.b_2": 256,
    "model.decoder.layers.0.sublayer.2.norm.a_2": 256,
    "model.decoder.layers.0.sublayer.2.norm.b_2": 256,
    "model.decoder.norm.a_2": 256,
    "model.decoder.norm.b_2": 256,
    "model.encoder.layers.0.feed_forward.w_1.bias": 1024,
    "model.encoder.layers.0.feed_forward.w_1.weight": 262144,
    "model.encoder.layers.0.feed_forward.w_2.bias": 256,
    "model.encoder.layers.0.feed_forward.w_2.weight": 262144,
    "model.encoder.layers.0.self_attn.WGs.0.bias": 1,
    "model.encoder.layers.0.self_attn.WGs.0.weight": 64,
    "model.encoder.layers.0.self_attn.WGs.1.bias": 1,
    "model.encoder.layers.0.self_attn.WGs.1.weight": 64,
    "model.encoder.layers.0.self_attn.WGs.2.bias": 1,
    "model.encoder.layers.0.self_attn.WGs.2.weight": 64,
    "model.encoder.layers.0.self_attn.WGs.3.bias": 1,
    "model.encoder.layers.0.self_attn.WGs.3.weight": 64,
    "model.encoder.layers.0.self_attn.WGs.4.bias": 1,
    "model.encoder.layers.0.self_attn.WGs.4.weight": 64,
    "model.encoder.layers.0.self_attn.WGs.5.bias": 1,
    "model.encoder.layers.0.self_attn.WGs.5.weight": 64,
    "model.encoder.layers.0.self_attn.WGs.6.bias": 1,
    "model.encoder.layers.0.self_attn.WGs.6.weight": 64,
    "model.encoder.layers.0.self_attn.WGs.7.bias": 1,
    "model.encoder.layers.0.self_attn.WGs.7.weight": 64,
    "model.encoder.layers.0.self_attn.linears.0.bias": 256,
    "model.encoder.layers.0.self_attn.linears.0.weight": 65536,
    "model.encoder.layers.0.self_attn.linears.1.bias": 256,
    "model.encoder.layers.0.self_attn.linears.1.weight": 65536,
    "model.encoder.layers.0.self_attn.linears.2.bias": 256,
    "model.encoder.layers.0.self_attn.linears.2.weight": 65536,
    "model.encoder.layers.0.sublayer.0.norm.a_2": 256,
    "model.encoder.layers.0.sublayer.0.norm.b_2": 256,
    "model.encoder.layers.0.sublayer.1.norm.a_2": 256,
    "model.encoder.layers.0.sublayer.1.norm.b_2": 256,
    "model.encoder.norm.a_2": 256,
    "model.encoder.norm.b_2": 256,
    "model.generator.proj.bias": 771,
    "model.generator.proj.weight": 197376,
    "model.tgt_embed.0.lut.weight": 197376
  },
  "total": 2567435,
  "trainable params": 2567435
}